No,Center,Length,Width,Diagonal,Energy,Entropy,Mean,Median
1,"133,1",5 px,8 px,9 px,4.248,5.12,124,122
2,"165,1",4 px,7 px,8 px,2.592,4.52,134,144
3,"210,8",18 px,20 px,26 px,21.304,4.38,67,63
4,"512,5",12 px,12 px,16 px,10.657,3.6,107,157
5,"637,2",5 px,8 px,9 px,4.695,5.22,131,137
6,"650,2",6 px,13 px,14 px,8.512,5.4,111,96
7,"666,5",13 px,10 px,16 px,11.915,5.82,113,89
8,"694,7",18 px,32 px,36 px,37.769,4.83,68,67
9,"721,1",4 px,10 px,10 px,4.015,4.9,121,96
10,"743,4",10 px,9 px,13 px,8.284,5.78,114,87
11,"829,2",7 px,10 px,12 px,7.258,5.54,115,89
12,"863,2",7 px,10 px,12 px,7.29,5.48,112,82
13,"1010,2",7 px,12 px,13 px,7.502,5.52,117,96
14,"1041,5",15 px,44 px,46 px,45.425,5.41,79,69
15,"1111,5",10 px,9 px,13 px,9.721,5.68,120,101
16,"908,6",11 px,12 px,16 px,12.308,5.87,116,77
17,"759,17",23 px,37 px,43 px,38.827,4.01,54,0
18,"772,9",9 px,8 px,12 px,5.789,5.75,125,117
19,"51,10",10 px,10 px,14 px,9.937,5.95,136,132
20,"192,10",8 px,10 px,12 px,8.804,5.86,132,130
21,"883,14",16 px,27 px,31 px,32.222,5.38,80,70
22,"848,12",10 px,11 px,14 px,12.495,6.05,124,112
23,"935,12",10 px,11 px,14 px,10.236,5.9,125,95
24,"234,20",27 px,27 px,38 px,40.736,4.71,66,64
25,"401,13",11 px,12 px,16 px,11.797,5.82,110,73
26,"947,12",7 px,7 px,9 px,5.5,5.44,138,137
27,"1092,20",22 px,29 px,36 px,44.703,5.19,77,68
28,"25,19",19 px,16 px,24 px,24.878,5.41,86,70
29,"376,19",20 px,11 px,22 px,22.23,6.11,110,77
30,"73,25",18 px,22 px,28 px,27.528,4.96,77,67
31,"108,19",9 px,9 px,12 px,7.706,5.79,129,126
32,"433,28",26 px,29 px,38 px,49.411,4.99,72,65
33,"1120,21",7 px,7 px,9 px,5.023,5.41,138,141
34,"1141,24",15 px,16 px,21 px,22.758,5.8,99,72
35,"56,22",8 px,9 px,12 px,6.839,5.65,135,137
36,"922,23",10 px,9 px,13 px,9.88,6.0,142,152
37,"810,24",9 px,8 px,12 px,8.341,5.75,126,120
38,"274,25",7 px,8 px,10 px,5.89,5.47,122,113
39,"294,26",10 px,9 px,13 px,9.423,6.0,129,121
40,"42,26",9 px,9 px,12 px,8.722,5.69,121,109
41,"1002,26",8 px,9 px,12 px,8.189,5.59,129,107
42,"104,38",34 px,25 px,42 px,50.313,4.93,68,66
43,"784,32",16 px,24 px,28 px,28.098,5.62,87,72
44,"839,41",26 px,36 px,44 px,59.02,4.86,67,66
45,"250,32",7 px,7 px,9 px,5.06,5.37,149,147
46,"308,32",9 px,9 px,12 px,8.016,5.77,137,128
47,"454,33",8 px,8 px,11 px,7.082,5.41,133,144
48,"1034,36",9 px,9 px,12 px,6.636,5.76,129,108
49,"7,38",10 px,9 px,13 px,9.92,5.71,118,89
50,"510,41",14 px,11 px,17 px,13.758,5.89,113,84
51,"149,42",14 px,14 px,19 px,17.013,5.63,99,73
52,"369,44",18 px,14 px,22 px,17.727,5.13,82,70
53,"471,41",13 px,14 px,19 px,17.886,5.8,106,77
54,"814,42",9 px,8 px,12 px,7.139,5.73,130,136
55,"978,43",11 px,12 px,16 px,13.391,5.91,112,74
56,"304,43",7 px,7 px,9 px,4.383,5.3,150,154
57,"521,52",26 px,19 px,32 px,35.048,5.59,87,71
58,"873,44",10 px,10 px,14 px,9.657,5.85,121,98
59,"17,45",10 px,8 px,12 px,8.493,5.79,122,119
60,"69,48",11 px,16 px,19 px,16.808,5.72,106,92
61,"137,46",8 px,8 px,11 px,5.771,5.66,135,130
62,"176,49",14 px,19 px,23 px,18.084,5.09,81,68
63,"926,50",11 px,11 px,15 px,11.377,5.84,119,91
64,"1033,48",9 px,8 px,12 px,6.991,5.75,140,145
65,"31,52",13 px,14 px,19 px,17.04,6.02,113,123
66,"894,55",21 px,17 px,27 px,27.088,5.54,87,70
67,"338,52",10 px,11 px,14 px,11.539,5.89,117,114
68,"552,55",7 px,8 px,10 px,5.515,5.63,145,148
69,"949,60",17 px,20 px,26 px,20.591,4.68,70,66
70,"537,57",11 px,12 px,16 px,10.65,5.8,114,104
71,"875,57",9 px,8 px,12 px,7.275,5.68,137,150
72,"608,58",11 px,11 px,15 px,10.886,5.82,113,97
73,"53,59",9 px,8 px,12 px,7.445,5.69,133,130
74,"380,61",13 px,12 px,17 px,13.21,5.92,108,79
75,"570,62",17 px,23 px,28 px,28.794,5.45,85,69
76,"911,64",19 px,17 px,25 px,23.868,5.4,86,72
77,"1111,65",22 px,15 px,26 px,27.756,5.95,98,74
78,"66,62",12 px,9 px,15 px,9.867,5.75,123,131
79,"234,60",8 px,9 px,12 px,7.028,5.45,125,91
80,"1088,65",18 px,16 px,24 px,19.299,5.07,81,68
81,"209,61",7 px,8 px,10 px,5.0,5.3,117,106
82,"1074,63",10 px,10 px,14 px,10.024,5.76,118,116
83,"253,66",7 px,7 px,9 px,4.797,5.48,146,146
84,"619,67",9 px,9 px,12 px,8.363,5.84,131,127
85,"445,67",7 px,7 px,9 px,5.326,5.48,138,133
86,"965,68",11 px,10 px,14 px,9.5,5.86,118,91
87,"149,71",10 px,10 px,14 px,9.691,5.74,121,84
88,"1135,73",13 px,17 px,21 px,21.149,5.89,100,73
89,"607,73",9 px,10 px,13 px,9.445,6.12,131,134
90,"984,76",16 px,15 px,21 px,21.004,5.89,98,86
91,"136,73",9 px,9 px,12 px,8.682,5.87,126,127
92,"245,75",7 px,7 px,9 px,5.417,5.05,130,115
93,"262,81",19 px,14 px,23 px,23.445,5.65,97,70
94,"929,76",10 px,9 px,13 px,9.163,5.49,134,144
95,"113,78",11 px,10 px,14 px,11.165,5.87,115,99
96,"164,78",7 px,8 px,10 px,6.553,5.3,148,148
97,"509,79",10 px,9 px,13 px,9.219,5.86,121,99
98,"276,81",10 px,10 px,14 px,10.376,5.79,120,98
99,"479,80",9 px,10 px,13 px,9.227,5.78,116,103
100,"296,82",9 px,9 px,12 px,8.261,5.65,125,102
101,"1029,91",31 px,37 px,48 px,70.976,5.07,71,67
102,"442,85",12 px,13 px,17 px,13.942,5.99,110,107
103,"664,83",9 px,8 px,12 px,7.613,5.58,123,106
104,"179,92",20 px,13 px,23 px,23.959,5.86,99,73
105,"239,85",9 px,9 px,12 px,7.82,5.81,124,107
106,"163,89",14 px,15 px,20 px,18.385,6.03,106,79
107,"312,90",16 px,17 px,23 px,17.964,4.95,81,70
108,"1055,90",12 px,10 px,15 px,11.918,5.7,122,85
109,"1147,88",7 px,4 px,8 px,3.158,4.74,137,140
110,"206,89",9 px,8 px,12 px,5.908,5.75,128,126
111,"331,92",10 px,11 px,14 px,9.327,5.82,120,88
112,"533,91",8 px,8 px,11 px,7.989,5.59,122,102
113,"713,101",28 px,44 px,52 px,61.808,4.28,58,0
114,"195,95",13 px,10 px,16 px,12.985,6.06,120,127
115,"235,97",10 px,9 px,13 px,9.156,5.73,122,112
116,"654,96",9 px,9 px,12 px,8.141,5.88,126,129
117,"1072,103",17 px,12 px,20 px,18.014,5.66,100,74
118,"545,103",17 px,31 px,35 px,37.916,5.45,83,70
119,"407,101",9 px,10 px,13 px,9.766,5.64,119,80
120,"747,112",28 px,29 px,40 px,51.345,4.94,69,66
121,"259,103",10 px,9 px,13 px,8.706,5.95,127,138
122,"768,105",9 px,10 px,13 px,9.556,5.67,123,90
123,"1118,110",19 px,12 px,22 px,20.08,5.98,104,92
124,"348,110",16 px,13 px,20 px,18.039,5.72,105,71
125,"363,107",10 px,10 px,14 px,9.617,5.95,122,94
126,"323,116",22 px,14 px,26 px,26.063,5.87,95,72
127,"643,110",10 px,10 px,14 px,11.243,5.76,125,103
128,"610,115",17 px,16 px,23 px,18.578,5.21,86,71
129,"449,126",25 px,26 px,36 px,35.842,4.38,60,63
130,"502,120",10 px,10 px,14 px,9.541,6.05,129,114
131,"588,119",7 px,8 px,10 px,7.043,5.45,125,119
132,"1141,123",17 px,16 px,23 px,19.07,4.89,78,69
133,"367,132",32 px,22 px,38 px,45.859,5.06,74,67
134,"619,126",9 px,9 px,12 px,9.125,5.77,122,118
135,"486,132",20 px,25 px,32 px,32.089,5.08,76,67
136,"872,128",9 px,9 px,12 px,6.291,5.46,116,89
137,"1,129",9 px,5 px,10 px,4.476,4.99,120,125
138,"109,130",7 px,8 px,10 px,5.233,4.59,161,160
139,"639,132",11 px,17 px,20 px,18.061,5.98,110,92
140,"684,136",18 px,15 px,23 px,17.411,4.53,73,65
141,"385,139",21 px,12 px,24 px,21.652,5.85,102,72
142,"410,150",44 px,28 px,52 px,68.243,4.5,66,63
143,"655,132",7 px,7 px,9 px,5.892,5.37,128,117
144,"790,133",9 px,9 px,12 px,8.159,5.84,131,139
145,"559,135",11 px,11 px,15 px,12.333,5.9,114,88
146,"23,146",30 px,16 px,34 px,31.311,5.08,77,67
147,"60,137",9 px,9 px,12 px,7.923,5.92,135,135
148,"577,139",12 px,12 px,16 px,14.4,5.87,117,95
149,"664,138",11 px,9 px,14 px,10.865,5.94,127,133
150,"855,140",12 px,10 px,15 px,12.197,5.78,109,80
151,"39,140",10 px,9 px,13 px,9.674,5.57,121,76
152,"514,143",15 px,12 px,19 px,16.16,5.91,109,74
153,"10,143",10 px,9 px,13 px,9.778,5.82,126,96
154,"879,142",7 px,8 px,10 px,5.821,5.32,140,135
155,"701,149",12 px,13 px,17 px,13.065,5.89,111,109
156,"80,152",17 px,25 px,30 px,30.83,5.29,84,68
157,"900,149",8 px,7 px,10 px,7.228,5.3,126,124
158,"439,155",17 px,18 px,24 px,25.906,6.07,101,84
159,"715,151",11 px,10 px,14 px,9.784,5.96,121,117
160,"54,157",17 px,11 px,20 px,17.986,5.93,99,76
161,"931,152",7 px,7 px,9 px,5.326,5.33,141,147
162,"542,156",14 px,11 px,17 px,14.601,5.9,112,75
163,"941,154",11 px,11 px,15 px,11.786,5.99,125,132
164,"588,167",38 px,38 px,53 px,83.676,4.77,65,65
165,"463,164",25 px,26 px,36 px,40.23,4.98,78,72
166,"509,157",7 px,7 px,9 px,4.879,5.37,123,100
167,"158,159",9 px,8 px,12 px,8.247,5.5,134,116
168,"638,159",11 px,9 px,14 px,11.66,5.93,124,118
169,"1010,161",14 px,16 px,21 px,21.349,5.74,103,71
170,"908,159",8 px,9 px,12 px,8.195,5.73,148,154
171,"103,162",12 px,11 px,16 px,11.382,5.94,117,123
172,"138,160",7 px,8 px,10 px,6.639,5.33,132,127
173,"626,164",11 px,9 px,14 px,10.584,6.06,131,132
174,"487,166",9 px,9 px,12 px,8.09,5.75,125,97
175,"805,168",13 px,13 px,18 px,15.847,5.82,105,76
176,"930,167",11 px,12 px,16 px,12.527,6.02,116,116
177,"64,173",21 px,17 px,27 px,30.158,5.56,89,70
178,"652,180",29 px,50 px,57 px,71.051,4.28,59,0
179,"972,169",11 px,15 px,18 px,15.936,5.91,103,74
180,"989,169",9 px,9 px,12 px,7.381,5.61,125,110
181,"840,171",11 px,10 px,14 px,10.2,5.78,114,84
182,"91,177",21 px,12 px,24 px,20.154,5.38,90,70
183,"523,175",14 px,20 px,24 px,22.841,5.54,90,70
184,"153,174",11 px,10 px,14 px,9.769,5.77,120,80
185,"187,174",10 px,10 px,14 px,10.141,5.82,119,89
186,"831,173",7 px,7 px,9 px,5.386,5.34,126,119
187,"200,174",8 px,9 px,12 px,6.663,5.73,135,134
188,"859,178",15 px,13 px,19 px,17.039,5.69,95,71
189,"41,177",9 px,10 px,13 px,9.004,5.95,123,119
190,"1009,180",15 px,21 px,25 px,21.888,5.12,84,69
191,"224,179",8 px,8 px,11 px,7.18,5.71,123,103
192,"132,180",8 px,7 px,10 px,7.149,5.54,130,117
193,"238,181",10 px,10 px,14 px,10.045,5.74,122,82
194,"883,183",11 px,10 px,14 px,11.385,5.75,117,79
195,"545,183",9 px,10 px,13 px,9.522,6.0,127,134
196,"991,184",10 px,10 px,14 px,10.199,5.95,126,117
197,"929,191",22 px,14 px,26 px,24.517,5.69,92,71
198,"616,189",14 px,18 px,22 px,19.632,5.54,96,75
199,"1098,190",16 px,20 px,25 px,23.751,5.27,84,70
200,"114,192",19 px,16 px,24 px,19.891,4.98,78,68
201,"56,190",12 px,12 px,16 px,14.801,6.12,121,125
202,"194,198",29 px,23 px,37 px,38.819,4.58,67,64
203,"614,206",38 px,51 px,63 px,82.367,3.84,50,0
204,"1042,193",17 px,11 px,20 px,19.025,5.84,109,76
205,"737,197",23 px,15 px,27 px,29.275,6.2,103,78
206,"1079,196",21 px,9 px,22 px,18.106,6.47,119,111
207,"865,195",18 px,15 px,23 px,22.756,5.65,99,119
208,"894,195",18 px,14 px,22 px,22.109,5.67,96,73
209,"234,196",14 px,13 px,19 px,15.891,5.82,104,72
210,"248,195",9 px,9 px,12 px,9.011,5.94,130,114
211,"879,197",9 px,8 px,12 px,7.091,5.96,134,134
212,"1059,196",9 px,8 px,12 px,6.866,5.58,121,102
213,"269,199",10 px,10 px,14 px,10.459,5.85,132,114
214,"700,200",9 px,9 px,12 px,8.076,5.78,131,134
215,"281,201",7 px,8 px,10 px,6.589,5.03,125,125
216,"140,202",8 px,9 px,12 px,7.402,5.7,135,133
217,"973,204",11 px,10 px,14 px,12.31,5.97,125,97
218,"1097,203",9 px,9 px,12 px,7.78,5.67,118,120
219,"1107,208",19 px,14 px,23 px,16.928,5.26,90,86
220,"762,208",13 px,14 px,19 px,17.195,5.79,103,73
221,"166,206",9 px,9 px,12 px,9.014,5.71,124,105
222,"256,221",40 px,21 px,45 px,47.198,4.58,64,63
223,"336,207",10 px,10 px,14 px,9.645,5.78,117,76
224,"481,211",15 px,18 px,23 px,22.711,4.27,114,157
225,"210,212",15 px,10 px,18 px,15.115,5.87,113,74
226,"291,209",10 px,8 px,12 px,7.472,5.84,123,116
227,"658,215",20 px,22 px,29 px,29.152,5.02,78,67
228,"989,213",17 px,16 px,23 px,21.267,5.51,90,75
229,"1128,209",10 px,12 px,15 px,12.834,6.03,122,95
230,"456,210",7 px,8 px,10 px,7.176,3.49,166,166
231,"154,212",10 px,10 px,14 px,9.427,5.81,124,131
232,"277,214",15 px,18 px,23 px,21.671,5.44,92,70
233,"43,219",22 px,14 px,26 px,22.716,5.52,89,72
234,"513,215",7 px,8 px,10 px,6.805,3.84,162,163
235,"524,216",8 px,7 px,10 px,5.605,3.28,164,164
236,"173,218",11 px,9 px,14 px,10.521,6.08,129,133
237,"1059,217",8 px,10 px,12 px,8.49,5.53,124,122
238,"68,228",26 px,31 px,40 px,41.28,4.26,61,0
239,"233,221",11 px,10 px,14 px,10.368,6.1,125,121
240,"718,220",10 px,9 px,13 px,9.13,5.96,117,99
241,"848,219",9 px,9 px,12 px,7.973,5.79,132,129
242,"1147,220",10 px,5 px,11 px,3.366,5.16,123,106
243,"412,221",7 px,7 px,9 px,5.462,5.22,127,128
244,"778,225",16 px,16 px,22 px,20.57,5.6,94,71
245,"822,224",10 px,9 px,13 px,8.522,5.77,123,94
246,"206,227",14 px,13 px,19 px,16.061,5.9,110,92
247,"613,227",12 px,11 px,16 px,12.313,4.47,128,161
248,"742,225",7 px,7 px,9 px,4.561,5.31,134,132
249,"530,229",13 px,8 px,15 px,12.413,4.5,153,159
250,"1043,226",8 px,8 px,11 px,5.918,5.56,124,105
251,"325,227",9 px,9 px,12 px,8.23,5.71,122,113
252,"376,230",14 px,15 px,20 px,19.301,5.63,98,70
253,"284,232",16 px,13 px,20 px,17.023,5.73,96,75
254,"836,233",21 px,16 px,26 px,26.876,5.6,90,70
255,"120,233",17 px,20 px,26 px,26.3,5.55,91,70
256,"1018,229",7 px,7 px,9 px,5.597,5.49,152,157
257,"304,238",21 px,15 px,25 px,24.356,5.42,84,70
258,"394,233",11 px,9 px,14 px,10.714,5.89,122,96
259,"883,231",7 px,8 px,10 px,5.836,5.41,124,110
260,"893,232",7 px,7 px,9 px,5.221,5.49,142,149
261,"139,247",27 px,23 px,35 px,45.156,5.44,80,69
262,"1073,237",11 px,11 px,15 px,11.496,5.71,103,76
263,"439,237",8 px,8 px,11 px,6.554,5.55,134,120
264,"406,239",7 px,8 px,10 px,5.533,5.25,123,117
265,"788,239",8 px,11 px,13 px,10.008,5.7,120,112
266,"425,243",11 px,14 px,17 px,14.03,5.89,116,77
267,"454,246",20 px,18 px,26 px,23.323,4.62,72,65
268,"880,241",8 px,8 px,11 px,6.91,5.52,138,122
269,"1088,243",10 px,11 px,14 px,10.072,6.01,131,137
270,"22,245",12 px,13 px,17 px,12.694,5.95,113,111
271,"324,245",13 px,15 px,19 px,16.899,6.03,102,76
272,"86,247",8 px,8 px,11 px,6.571,5.45,126,106
273,"100,249",12 px,11 px,16 px,13.226,6.18,120,106
274,"906,247",7 px,8 px,10 px,5.906,5.35,122,111
275,"925,251",9 px,9 px,12 px,8.65,5.64,124,94
276,"1117,250",7 px,8 px,10 px,4.969,5.42,126,123
277,"824,252",7 px,7 px,9 px,5.774,5.41,131,130
278,"996,252",9 px,10 px,13 px,9.433,5.86,122,113
279,"353,254",8 px,9 px,12 px,7.421,5.69,126,116
280,"373,254",7 px,7 px,9 px,5.676,5.37,134,136
281,"228,257",11 px,10 px,14 px,10.582,5.74,121,99
282,"496,264",26 px,21 px,33 px,37.097,4.98,76,67
283,"883,260",7 px,8 px,10 px,4.395,5.49,136,145
284,"546,266",20 px,17 px,26 px,28.252,5.45,87,71
285,"918,262",11 px,10 px,14 px,9.756,5.75,116,82
286,"24,266",14 px,15 px,20 px,18.262,5.72,97,85
287,"57,265",15 px,15 px,21 px,15.439,5.28,84,68
288,"251,267",18 px,15 px,23 px,13.975,4.29,65,60
289,"856,262",8 px,8 px,11 px,6.074,5.48,127,113
290,"465,265",10 px,10 px,14 px,9.887,5.72,118,99
291,"88,275",27 px,14 px,30 px,26.05,5.24,79,68
292,"409,267",12 px,9 px,15 px,9.566,5.99,124,117
293,"434,266",9 px,9 px,12 px,9.371,5.96,129,134
294,"941,266",10 px,10 px,14 px,9.524,5.78,123,111
295,"123,269",14 px,10 px,17 px,14.029,5.91,115,81
296,"193,267",9 px,9 px,12 px,7.155,5.83,121,117
297,"381,268",10 px,8 px,12 px,8.425,5.43,119,108
298,"452,268",10 px,10 px,14 px,9.124,5.93,121,122
299,"298,269",7 px,7 px,9 px,4.654,5.23,135,136
300,"1044,272",9 px,8 px,12 px,7.59,5.58,122,111
301,"901,274",9 px,25 px,26 px,21.633,6.32,117,118
302,"245,274",7 px,7 px,9 px,4.782,5.33,139,143
303,"102,275",9 px,9 px,12 px,8.658,5.72,127,109
304,"922,277",9 px,10 px,13 px,8.444,5.9,126,129
305,"661,280",12 px,10 px,15 px,12.815,5.99,122,108
306,"1029,278",7 px,8 px,10 px,6.148,5.49,129,133
307,"449,280",10 px,9 px,13 px,9.907,5.8,131,136
308,"957,279",8 px,7 px,10 px,6.098,5.49,134,132
309,"412,280",8 px,8 px,11 px,7.032,5.55,138,150
310,"469,286",20 px,25 px,32 px,28.948,4.65,69,65
311,"114,281",7 px,7 px,9 px,5.178,5.13,117,101
312,"620,286",19 px,22 px,29 px,32.72,5.49,84,69
313,"140,287",18 px,13 px,22 px,17.672,5.6,100,70
314,"246,283",10 px,10 px,14 px,10.389,5.98,119,114
315,"154,291",24 px,15 px,28 px,27.418,5.63,90,74
316,"312,291",18 px,28 px,33 px,36.09,5.27,79,68
317,"501,287",9 px,9 px,12 px,8.707,5.65,127,109
318,"174,288",7 px,7 px,9 px,5.174,5.4,129,126
319,"688,289",9 px,7 px,11 px,6.197,5.64,129,127
320,"980,289",11 px,11 px,15 px,11.241,5.85,117,115
321,"522,290",11 px,10 px,14 px,11.752,5.95,124,103
322,"1010,296",20 px,13 px,23 px,19.717,5.49,90,72
323,"1037,291",10 px,10 px,14 px,10.24,6.03,124,85
324,"1132,291",9 px,8 px,12 px,7.595,5.77,133,129
325,"585,292",7 px,7 px,9 px,5.068,5.37,137,143
326,"665,295",11 px,10 px,14 px,9.603,5.86,127,122
327,"1145,294",10 px,9 px,13 px,8.865,5.89,125,104
328,"542,295",7 px,7 px,9 px,5.176,5.35,143,154
329,"208,303",20 px,54 px,57 px,69.059,5.17,73,68
330,"435,298",7 px,7 px,9 px,5.307,5.53,141,137
331,"568,305",22 px,12 px,25 px,23.484,6.16,105,93
332,"174,300",9 px,10 px,13 px,8.794,5.91,129,134
333,"587,301",9 px,15 px,17 px,12.41,6.07,117,103
334,"1043,304",15 px,12 px,19 px,16.196,5.7,105,74
335,"622,304",11 px,9 px,14 px,10.721,5.86,125,102
336,"393,313",24 px,24 px,33 px,32.056,4.45,63,63
337,"298,308",12 px,9 px,15 px,9.826,5.94,116,94
338,"665,307",11 px,18 px,21 px,17.552,6.11,112,98
339,"1021,309",10 px,11 px,14 px,10.437,5.96,116,108
340,"1057,308",8 px,9 px,12 px,8.376,5.73,137,138
341,"449,314",16 px,22 px,27 px,20.148,4.47,67,63
342,"717,312",10 px,9 px,13 px,9.523,5.6,121,92
343,"1087,313",8 px,7 px,10 px,6.615,5.63,150,152
344,"214,317",9 px,9 px,12 px,8.721,5.67,140,153
345,"419,316",8 px,8 px,11 px,5.758,5.58,136,124
346,"467,317",10 px,9 px,13 px,9.575,5.75,125,116
347,"595,316",7 px,7 px,9 px,5.571,5.16,137,126
348,"275,324",19 px,24 px,30 px,30.318,5.51,86,70
349,"651,327",28 px,48 px,55 px,65.485,4.21,55,0
350,"331,322",10 px,10 px,14 px,10.15,5.77,116,88
351,"1102,324",14 px,22 px,26 px,25.606,5.71,91,70
352,"488,323",10 px,10 px,14 px,10.141,5.73,122,122
353,"1140,323",8 px,9 px,12 px,7.216,5.38,124,99
354,"502,326",12 px,10 px,15 px,11.49,5.84,115,82
355,"782,329",18 px,16 px,24 px,21.03,5.43,88,71
356,"371,336",29 px,14 px,32 px,29.449,5.49,88,70
357,"314,328",8 px,7 px,10 px,6.182,5.54,134,120
358,"432,328",8 px,7 px,10 px,5.46,5.59,132,128
359,"798,328",8 px,10 px,12 px,9.271,5.86,126,122
360,"693,336",21 px,22 px,30 px,30.83,5.03,74,67
361,"521,333",10 px,13 px,16 px,10.815,5.78,116,110
362,"627,333",11 px,10 px,14 px,12.512,5.94,114,90
363,"849,334",8 px,8 px,11 px,6.02,5.57,132,134
364,"1137,337",13 px,11 px,17 px,10.854,5.18,84,72
365,"324,335",9 px,9 px,12 px,7.333,5.78,120,105
366,"22,341",12 px,8 px,14 px,9.608,5.93,122,95
367,"560,339",7 px,8 px,10 px,6.343,5.51,123,107
368,"352,342",11 px,22 px,24 px,20.858,6.01,102,78
369,"571,341",10 px,10 px,14 px,11.045,5.82,121,102
370,"806,351",24 px,28 px,36 px,33.961,4.17,58,0
371,"753,353",27 px,33 px,42 px,56.164,4.8,66,65
372,"44,350",22 px,26 px,34 px,40.981,5.29,77,69
373,"781,356",30 px,21 px,36 px,46.473,5.65,85,70
374,"395,353",13 px,19 px,23 px,19.211,5.63,95,73
375,"711,351",11 px,9 px,14 px,11.199,5.89,124,120
376,"18,352",7 px,7 px,9 px,5.72,5.13,127,129
377,"568,353",9 px,9 px,12 px,9.628,5.66,120,89
378,"868,373",43 px,58 px,72 px,108.036,3.89,49,0
379,"851,355",10 px,11 px,14 px,10.594,5.95,126,108
380,"415,359",15 px,15 px,21 px,18.047,5.54,93,71
381,"76,362",18 px,32 px,36 px,36.623,5.02,74,68
382,"582,358",10 px,19 px,21 px,17.962,6.21,116,89
383,"634,358",11 px,11 px,15 px,11.331,5.73,116,103
384,"731,360",9 px,8 px,12 px,7.791,5.92,137,145
385,"148,371",27 px,20 px,33 px,28.465,4.55,67,64
386,"866,363",9 px,10 px,13 px,9.768,5.91,128,121
387,"833,367",15 px,18 px,23 px,21.803,5.58,91,82
388,"560,365",10 px,9 px,13 px,9.676,5.86,127,130
389,"914,370",22 px,23 px,31 px,31.48,4.98,75,67
390,"813,367",12 px,15 px,19 px,17.552,6.0,108,81
391,"460,374",28 px,24 px,36 px,41.608,4.89,69,66
392,"437,368",7 px,7 px,9 px,4.844,5.49,141,141
393,"134,373",18 px,17 px,24 px,17.098,4.1,66,0
394,"412,372",10 px,9 px,13 px,8.62,5.69,135,147
395,"635,374",9 px,10 px,13 px,9.588,5.68,116,79
396,"687,375",11 px,17 px,20 px,14.904,6.17,109,99
397,"39,379",18 px,16 px,24 px,18.014,4.99,79,67
398,"962,374",8 px,8 px,11 px,5.885,5.55,133,138
399,"120,378",10 px,10 px,14 px,9.66,5.78,126,124
400,"988,378",10 px,14 px,17 px,13.642,6.04,121,105
401,"663,379",9 px,9 px,12 px,9.459,5.75,131,129
402,"1006,380",12 px,10 px,15 px,12.252,6.13,129,130
403,"502,385",15 px,12 px,19 px,14.599,5.77,101,75
404,"658,390",18 px,23 px,29 px,22.341,4.71,75,66
405,"904,392",26 px,35 px,43 px,51.0,4.56,62,63
406,"966,385",7 px,8 px,10 px,5.723,5.52,134,133
407,"522,387",9 px,9 px,12 px,8.873,5.65,123,105
408,"49,388",9 px,8 px,12 px,7.979,5.53,124,115
409,"930,390",11 px,10 px,14 px,10.691,5.82,122,102
410,"208,393",13 px,15 px,19 px,16.491,5.75,101,77
411,"224,394",17 px,16 px,23 px,22.706,5.71,94,71
412,"558,395",11 px,10 px,14 px,11.468,5.82,118,92
413,"250,406",26 px,30 px,39 px,47.761,4.86,70,67
414,"948,395",7 px,7 px,9 px,5.467,5.33,137,133
415,"695,397",10 px,26 px,27 px,24.358,6.52,113,100
416,"573,399",10 px,7 px,12 px,8.157,5.48,127,110
417,"1070,404",20 px,20 px,28 px,23.76,4.23,63,59
418,"752,400",10 px,9 px,13 px,9.408,5.66,120,93
419,"982,403",9 px,9 px,12 px,8.617,5.89,130,136
420,"598,415",24 px,22 px,32 px,36.27,5.03,75,68
421,"968,408",12 px,15 px,19 px,12.317,4.77,81,70
422,"1119,406",9 px,10 px,13 px,8.196,6.02,137,147
423,"834,409",10 px,9 px,13 px,9.029,5.79,118,105
424,"768,411",11 px,20 px,22 px,19.318,6.11,111,105
425,"309,413",12 px,13 px,17 px,16.201,5.76,109,73
426,"166,413",8 px,9 px,12 px,6.9,5.67,131,134
427,"271,413",8 px,8 px,11 px,7.558,5.48,136,127
428,"995,415",12 px,17 px,20 px,17.752,5.85,100,75
429,"618,414",7 px,7 px,9 px,5.542,5.29,121,101
430,"796,415",10 px,10 px,14 px,9.895,5.86,128,107
431,"1138,415",9 px,8 px,12 px,8.198,5.76,134,141
432,"635,419",17 px,22 px,27 px,28.934,5.39,84,70
433,"186,419",14 px,21 px,25 px,19.996,5.09,82,68
434,"819,418",12 px,14 px,18 px,9.954,4.72,84,74
435,"141,418",9 px,9 px,12 px,6.981,5.75,128,124
436,"882,435",36 px,33 px,48 px,54.329,3.88,52,0
437,"294,423",8 px,8 px,11 px,6.01,5.57,128,128
438,"332,424",10 px,9 px,13 px,9.787,5.92,132,146
439,"703,423",9 px,11 px,14 px,8.774,5.88,123,120
440,"674,430",19 px,22 px,29 px,29.37,5.1,75,68
441,"834,424",9 px,9 px,12 px,9.215,5.74,138,127
442,"1041,430",20 px,24 px,31 px,30.736,5.0,71,66
443,"321,426",11 px,13 px,17 px,11.554,5.52,98,73
444,"656,426",9 px,9 px,12 px,7.384,5.87,130,131
445,"1093,430",17 px,28 px,32 px,31.204,5.2,78,69
446,"397,435",22 px,16 px,27 px,29.034,5.7,91,71
447,"1072,429",7 px,8 px,10 px,6.152,5.42,130,126
448,"17,430",8 px,9 px,12 px,7.516,5.75,133,125
449,"366,435",18 px,13 px,22 px,17.57,5.88,100,81
450,"714,432",11 px,11 px,15 px,13.207,5.99,123,109
451,"810,432",10 px,10 px,14 px,10.28,5.86,127,122
452,"854,434",12 px,12 px,16 px,13.204,5.84,111,79
453,"742,434",10 px,10 px,14 px,9.437,6.09,131,132
454,"379,436",9 px,10 px,13 px,8.884,5.92,132,136
455,"912,436",8 px,7 px,10 px,6.029,5.54,139,134
456,"1128,436",7 px,7 px,9 px,5.63,5.29,147,151
457,"197,438",9 px,10 px,13 px,8.197,5.88,127,113
458,"225,437",7 px,7 px,9 px,5.054,5.31,145,149
459,"932,439",9 px,9 px,12 px,8.109,5.6,117,99
460,"742,450",28 px,30 px,41 px,55.085,5.49,80,69
461,"71,441",9 px,7 px,11 px,6.96,5.47,131,129
462,"699,441",9 px,10 px,13 px,7.688,5.75,117,105
463,"208,442",10 px,10 px,14 px,10.444,5.95,135,142
464,"968,442",10 px,10 px,14 px,11.582,5.99,124,115
465,"48,450",22 px,17 px,27 px,23.426,4.99,78,68
466,"1115,443",11 px,12 px,16 px,10.983,5.68,110,101
467,"452,444",9 px,8 px,12 px,7.77,5.59,122,109
468,"286,445",10 px,8 px,12 px,8.592,5.76,133,137
469,"34,446",9 px,9 px,12 px,9.638,5.75,129,128
470,"419,447",10 px,10 px,14 px,10.93,5.9,128,138
471,"786,447",10 px,9 px,13 px,9.966,5.81,121,93
472,"1093,446",7 px,7 px,9 px,4.646,5.33,137,135
473,"809,451",15 px,13 px,19 px,16.273,5.84,108,73
474,"87,450",13 px,17 px,21 px,22.017,5.76,99,77
475,"108,458",27 px,29 px,39 px,43.98,4.44,63,60
476,"348,453",17 px,25 px,30 px,23.943,4.49,66,64
477,"919,451",9 px,10 px,13 px,10.049,5.68,119,93
478,"1144,456",18 px,12 px,21 px,14.771,5.22,87,71
479,"440,457",20 px,14 px,24 px,20.991,5.48,91,80
480,"312,453",10 px,9 px,13 px,9.203,5.71,116,103
481,"765,456",15 px,20 px,25 px,18.112,4.64,74,68
482,"936,454",12 px,22 px,25 px,25.32,6.12,109,89
483,"966,453",9 px,11 px,14 px,9.977,5.69,119,113
484,"263,455",11 px,11 px,15 px,9.9,5.8,118,120
485,"708,455",11 px,12 px,16 px,12.365,6.04,124,136
486,"1120,456",8 px,8 px,11 px,7.594,5.43,124,116
487,"276,458",7 px,7 px,9 px,5.246,5.41,139,141
488,"156,463",16 px,17 px,23 px,22.545,5.78,94,72
489,"796,460",10 px,10 px,14 px,9.183,5.9,132,124
490,"41,463",10 px,10 px,14 px,9.849,5.77,129,122
491,"479,465",12 px,15 px,19 px,16.443,5.73,104,71
492,"187,472",20 px,11 px,22 px,19.808,6.06,106,78
493,"921,465",7 px,8 px,10 px,5.686,5.51,138,142
494,"74,467",9 px,10 px,13 px,10.019,5.77,128,135
495,"955,467",9 px,9 px,12 px,8.798,5.75,130,118
496,"995,467",9 px,9 px,12 px,8.894,5.75,123,116
497,"132,470",15 px,12 px,19 px,13.037,5.49,97,74
498,"1012,467",8 px,9 px,12 px,7.12,5.55,125,119
499,"967,471",9 px,8 px,12 px,6.29,5.66,122,122
500,"879,477",20 px,23 px,30 px,33.899,5.15,78,68
501,"353,472",9 px,8 px,12 px,7.113,5.79,132,134
502,"533,472",8 px,8 px,11 px,7.716,5.49,132,127
503,"847,475",13 px,8 px,15 px,8.927,5.94,123,111
504,"1043,473",10 px,8 px,12 px,8.393,5.61,117,97
505,"171,484",25 px,13 px,28 px,27.161,5.91,96,72
506,"550,475",7 px,8 px,10 px,7.027,5.27,125,126
507,"49,483",16 px,10 px,18 px,15.35,6.09,118,97
508,"632,481",11 px,10 px,14 px,12.041,5.99,126,130
509,"223,489",25 px,29 px,38 px,48.409,5.28,78,68
510,"912,481",10 px,9 px,13 px,10.048,5.92,120,117
511,"927,494",32 px,19 px,37 px,41.059,5.1,77,67
512,"99,488",20 px,9 px,21 px,16.234,5.63,94,71
513,"1023,482",8 px,7 px,10 px,6.712,5.52,153,153
514,"73,488",13 px,13 px,18 px,15.927,5.81,102,73
515,"86,486",8 px,8 px,11 px,7.016,5.48,124,109
516,"118,495",24 px,26 px,35 px,32.044,4.35,62,60
517,"249,487",8 px,9 px,12 px,6.765,5.84,138,134
518,"548,488",10 px,10 px,14 px,9.894,5.98,123,122
519,"1039,488",10 px,11 px,14 px,10.007,6.1,128,133
520,"1096,488",11 px,10 px,14 px,10.624,5.85,114,77
521,"909,496",24 px,20 px,31 px,26.355,4.7,69,65
522,"24,492",13 px,17 px,21 px,17.743,6.09,104,86
523,"868,491",10 px,9 px,13 px,8.124,5.72,128,117
524,"259,493",9 px,10 px,13 px,9.602,5.95,130,131
525,"638,495",10 px,10 px,14 px,8.578,5.78,120,112
526,"1064,495",9 px,9 px,12 px,7.974,5.65,128,124
527,"897,497",8 px,8 px,11 px,7.202,5.87,134,134
528,"313,499",9 px,9 px,12 px,9.703,5.73,123,96
529,"241,504",15 px,15 px,21 px,19.025,5.38,89,81
530,"459,502",8 px,10 px,12 px,7.026,5.61,119,100
531,"1116,504",10 px,11 px,14 px,10.449,5.87,123,99
532,"975,505",11 px,14 px,17 px,14.186,5.83,108,75
533,"283,513",30 px,33 px,44 px,50.213,4.26,59,0
534,"614,505",8 px,8 px,11 px,6.426,5.55,130,122
535,"676,521",37 px,29 px,47 px,49.11,3.94,54,0
536,"131,507",11 px,9 px,14 px,10.112,5.81,126,130
537,"697,510",16 px,14 px,21 px,13.198,4.55,81,72
538,"1009,508",10 px,11 px,14 px,11.56,5.9,120,113
539,"168,512",15 px,17 px,22 px,21.241,5.72,95,75
540,"646,511",14 px,12 px,18 px,14.282,5.63,104,74
541,"507,510",8 px,7 px,10 px,5.918,5.39,127,110
542,"310,516",17 px,19 px,25 px,21.663,5.21,81,69
543,"205,513",7 px,7 px,9 px,5.092,5.09,129,115
544,"954,514",10 px,9 px,13 px,8.078,5.95,131,140
545,"1068,519",19 px,11 px,21 px,15.904,5.68,99,77
546,"1127,514",9 px,8 px,12 px,7.107,5.77,139,141
547,"338,518",16 px,13 px,20 px,17.69,5.62,99,71
548,"1054,515",10 px,11 px,14 px,9.816,5.96,119,118
549,"473,517",10 px,9 px,13 px,10.381,5.9,127,145
550,"631,517",9 px,9 px,12 px,7.939,5.64,119,100
551,"379,524",18 px,16 px,24 px,15.367,4.43,72,65
552,"1080,520",9 px,9 px,12 px,7.567,5.59,127,107
553,"1004,521",7 px,9 px,11 px,5.801,5.51,131,127
554,"356,525",14 px,22 px,26 px,24.381,5.59,91,71
555,"761,539",35 px,31 px,46 px,58.155,4.32,58,62
556,"1099,538",33 px,20 px,38 px,49.907,5.33,80,68
557,"421,533",22 px,20 px,29 px,27.623,5.23,80,70
558,"702,527",10 px,15 px,18 px,13.654,5.99,109,91
559,"720,528",12 px,13 px,17 px,14.369,5.88,113,77
560,"251,532",19 px,9 px,21 px,16.755,6.16,116,109
561,"235,531",14 px,13 px,19 px,17.964,6.11,110,79
562,"545,529",8 px,9 px,12 px,7.777,5.64,127,111
563,"1076,534",11 px,19 px,21 px,18.996,6.02,107,84
564,"1114,534",10 px,10 px,14 px,9.855,5.74,115,76
565,"286,536",7 px,8 px,10 px,5.833,5.37,136,142
566,"732,540",15 px,16 px,21 px,16.086,4.7,79,70
567,"560,539",7 px,7 px,9 px,5.603,5.29,140,144
568,"590,540",9 px,9 px,12 px,7.836,5.69,139,141
569,"269,541",11 px,11 px,15 px,10.666,5.89,114,99
570,"790,541",10 px,17 px,19 px,15.675,6.0,112,109
571,"1140,547",20 px,18 px,26 px,20.464,4.55,70,64
572,"297,543",9 px,10 px,13 px,9.512,5.76,124,99
573,"395,543",9 px,10 px,13 px,8.736,5.71,125,113
574,"408,543",11 px,9 px,14 px,9.049,5.71,123,113
575,"609,544",12 px,11 px,16 px,12.606,5.97,114,112
576,"688,544",10 px,10 px,14 px,10.474,5.81,132,138
577,"285,544",8 px,8 px,11 px,6.323,5.57,128,133
578,"355,546",9 px,9 px,12 px,7.771,5.8,129,133
579,"1075,546",7 px,7 px,9 px,4.521,5.19,125,101
580,"323,551",8 px,9 px,12 px,7.572,5.73,129,116
581,"1114,551",8 px,10 px,12 px,8.421,5.73,130,138
582,"841,554",8 px,8 px,11 px,7.104,5.53,124,111
583,"871,555",10 px,9 px,13 px,9.135,5.81,121,105
584,"831,557",7 px,7 px,9 px,3.978,5.45,154,152
585,"882,562",11 px,10 px,14 px,10.695,5.94,120,111
586,"470,564",12 px,12 px,16 px,13.9,5.77,115,74
587,"697,568",20 px,21 px,29 px,23.312,4.65,71,65
588,"489,568",17 px,14 px,22 px,20.378,5.61,96,69
589,"511,565",10 px,9 px,13 px,8.733,5.82,122,101
590,"809,564",7 px,8 px,10 px,6.675,5.58,144,149
591,"857,566",11 px,9 px,14 px,9.679,5.79,117,81
592,"417,570",10 px,10 px,14 px,9.042,5.7,129,119
593,"385,570",7 px,9 px,11 px,6.563,5.58,146,146
594,"534,572",7 px,9 px,11 px,7.469,5.38,128,111
595,"723,572",7 px,8 px,10 px,4.686,5.37,125,123
596,"758,573",10 px,10 px,14 px,10.154,5.8,121,100
597,"446,580",16 px,15 px,21 px,20.53,5.58,97,72
598,"515,577",7 px,8 px,10 px,6.166,5.47,137,125
599,"903,581",9 px,9 px,12 px,7.899,5.75,128,126
600,"777,582",11 px,10 px,14 px,10.991,5.7,118,95
601,"936,582",11 px,10 px,14 px,10.539,5.88,119,118
602,"582,588",20 px,29 px,35 px,39.269,5.21,77,68
603,"622,583",10 px,10 px,14 px,11.029,5.92,123,113
604,"952,588",15 px,9 px,17 px,14.188,6.13,119,107
605,"516,588",10 px,11 px,14 px,10.655,5.88,123,125
606,"751,587",7 px,7 px,9 px,5.347,5.37,133,132
607,"459,590",8 px,9 px,12 px,7.12,5.67,130,135
608,"624,598",14 px,16 px,21 px,16.985,5.55,95,70
609,"482,598",7 px,8 px,10 px,6.389,5.28,152,158
610,"655,607",24 px,34 px,41 px,46.566,4.64,63,65
611,"513,604",14 px,17 px,22 px,21.986,5.86,99,75
612,"533,601",7 px,8 px,10 px,5.954,5.32,134,134
613,"963,602",10 px,10 px,14 px,11.082,5.85,119,109
614,"974,605",13 px,11 px,17 px,12.34,6.01,115,105
615,"543,605",7 px,8 px,10 px,5.451,5.54,122,107
616,"994,606",10 px,10 px,14 px,9.867,5.85,127,118
617,"721,608",11 px,11 px,15 px,12.287,5.86,115,87
618,"1013,612",19 px,10 px,21 px,15.638,5.72,103,99
619,"836,612",9 px,8 px,12 px,8.505,5.7,126,118
620,"1026,613",11 px,12 px,16 px,13.355,6.03,123,116
621,"1100,613",12 px,10 px,15 px,11.997,6.1,118,115
622,"485,613",8 px,10 px,12 px,9.197,4.88,150,156
623,"498,613",8 px,8 px,11 px,8.095,4.55,159,159
624,"681,618",17 px,13 px,21 px,20.459,5.76,105,72
625,"859,613",8 px,8 px,11 px,5.851,5.5,128,117
626,"539,622",21 px,22 px,30 px,27.485,4.36,83,122
627,"927,621",17 px,15 px,22 px,16.649,5.13,83,68
628,"942,617",11 px,9 px,14 px,9.104,5.7,118,93
629,"696,621",15 px,14 px,20 px,18.085,5.66,103,71
630,"594,622",18 px,10 px,20 px,16.632,6.22,112,97
631,"1081,626",21 px,19 px,28 px,29.237,5.55,85,69
632,"565,621",10 px,9 px,13 px,10.24,5.69,122,100
633,"514,624",13 px,10 px,16 px,11.583,5.19,129,152
634,"735,624",15 px,13 px,19 px,16.293,5.63,98,74
635,"750,626",18 px,11 px,21 px,19.125,6.07,109,85
636,"883,622",10 px,11 px,14 px,12.244,5.78,119,123
637,"628,630",14 px,20 px,24 px,17.16,4.9,75,67
638,"1132,629",14 px,17 px,22 px,19.617,5.36,94,75
639,"608,628",7 px,8 px,10 px,6.224,5.29,143,148
640,"662,629",10 px,10 px,14 px,9.491,5.89,123,102
641,"1041,629",10 px,9 px,13 px,8.038,5.95,139,149
642,"773,632",9 px,9 px,12 px,7.856,5.5,113,82
643,"1111,632",8 px,10 px,12 px,6.993,5.36,119,84
644,"968,633",7 px,10 px,12 px,7.139,5.42,115,77
645,"710,634",5 px,9 px,10 px,4.885,5.04,127,121
